<PAMDataset>
  <Metadata>
    <MDI key="DataType">Thematic</MDI>
  </Metadata>
  <Metadata domain="Esri">
    <MDI key="PyramidResamplingType">NEAREST</MDI>
  </Metadata>
  <PAMRasterBand band="1">
    <Histograms>
      <HistItem>
        <HistMin>-0.5</HistMin>
        <HistMax>127.5</HistMax>
        <BucketCount>128</BucketCount>
        <IncludeOutOfRange>1</IncludeOutOfRange>
        <Approximate>0</Approximate>
        <HistCounts>0|0|0|0|0|0|0|0|0|0|0|1976399|0|0|0|0|0|0|0|0|0|8187540|3576511|1195894|527275|0|0|0|0|0|0|467687|0|0|0|0|0|0|0|0|0|23757529|27971408|4361507|0|0|0|0|0|0|0|0|8684209|0|0|0|0|0|0|0|0|0|0|0|0|0|0|0|0|0|0|8434803|0|0|0|0|0|0|0|0|0|10591390|12675382|0|0|0|0|0|0|0|18105621|0|0|0|0|3025724|0|0|0|0|0|0|0|0|0|0|0|0|0|0|0|0|0|0|0|0|0|0|0|0|0|0|0|0|0|0|0|80021802</HistCounts>
      </HistItem>
    </Histograms>
    <Metadata>
      <MDI key="RepresentationType">THEMATIC</MDI>
      <MDI key="STATISTICS_COVARIANCES">1518.03839250141</MDI>
      <MDI key="STATISTICS_MAXIMUM">127</MDI>
      <MDI key="STATISTICS_MEAN">82.837698831824</MDI>
      <MDI key="STATISTICS_MINIMUM">11</MDI>
      <MDI key="STATISTICS_SKIPFACTORX">1</MDI>
      <MDI key="STATISTICS_SKIPFACTORY">1</MDI>
      <MDI key="STATISTICS_STDDEV">38.962012172133</MDI>
    </Metadata>
  </PAMRasterBand>
</PAMDataset>
